"ID","URL"
"0","https://www.serebii.net/swordshield/pokemon/000.png"
"1","https://www.serebii.net/swordshield/pokemon/001.png"
"2","https://www.serebii.net/swordshield/pokemon/002.png"
"3","https://www.serebii.net/swordshield/pokemon/003.png"
"4","https://www.serebii.net/swordshield/pokemon/004.png"
"5","https://www.serebii.net/swordshield/pokemon/005.png"
"6","https://www.serebii.net/swordshield/pokemon/006.png"
"7","https://www.serebii.net/swordshield/pokemon/007.png"
"8","https://www.serebii.net/swordshield/pokemon/008.png"
"9","https://www.serebii.net/swordshield/pokemon/009.png"
"10","https://www.serebii.net/swordshield/pokemon/010.png"
"11","https://www.serebii.net/swordshield/pokemon/011.png"
"12","https://www.serebii.net/swordshield/pokemon/012.png"
"13","https://www.serebii.net/swordshield/pokemon/013.png"
"14","https://www.serebii.net/swordshield/pokemon/014.png"
"15","https://www.serebii.net/swordshield/pokemon/015.png"
"16","https://www.serebii.net/swordshield/pokemon/016.png"
"17","https://www.serebii.net/swordshield/pokemon/017.png"
"18","https://www.serebii.net/swordshield/pokemon/018.png"
"19","https://www.serebii.net/swordshield/pokemon/019.png"
"20","https://www.serebii.net/swordshield/pokemon/020.png"
"21","https://www.serebii.net/swordshield/pokemon/021.png"
"22","https://www.serebii.net/swordshield/pokemon/022.png"
"23","https://www.serebii.net/swordshield/pokemon/023.png"
"24","https://www.serebii.net/swordshield/pokemon/024.png"
"25","https://www.serebii.net/swordshield/pokemon/025.png"
"26","https://www.serebii.net/swordshield/pokemon/026.png"
"27","https://www.serebii.net/swordshield/pokemon/027.png"
"28","https://www.serebii.net/swordshield/pokemon/028.png"
"29","https://www.serebii.net/swordshield/pokemon/029.png"
"30","https://www.serebii.net/swordshield/pokemon/030.png"
"31","https://www.serebii.net/swordshield/pokemon/031.png"
"32","https://www.serebii.net/swordshield/pokemon/032.png"
"33","https://www.serebii.net/swordshield/pokemon/033.png"
"34","https://www.serebii.net/swordshield/pokemon/034.png"
"35","https://www.serebii.net/swordshield/pokemon/035.png"
"36","https://www.serebii.net/swordshield/pokemon/036.png"
"37","https://www.serebii.net/swordshield/pokemon/037.png"
"38","https://www.serebii.net/swordshield/pokemon/038.png"
"39","https://www.serebii.net/swordshield/pokemon/039.png"
"40","https://www.serebii.net/swordshield/pokemon/040.png"
"41","https://www.serebii.net/swordshield/pokemon/041.png"
"42","https://www.serebii.net/swordshield/pokemon/042.png"
"43","https://www.serebii.net/swordshield/pokemon/043.png"
"44","https://www.serebii.net/swordshield/pokemon/044.png"
"45","https://www.serebii.net/swordshield/pokemon/045.png"
"46","https://www.serebii.net/swordshield/pokemon/046.png"
"47","https://www.serebii.net/swordshield/pokemon/047.png"
"48","https://www.serebii.net/swordshield/pokemon/048.png"
"49","https://www.serebii.net/swordshield/pokemon/049.png"
"50","https://www.serebii.net/swordshield/pokemon/050.png"
"51","https://www.serebii.net/swordshield/pokemon/051.png"
"52","https://www.serebii.net/swordshield/pokemon/052.png"
"53","https://www.serebii.net/swordshield/pokemon/053.png"
"54","https://www.serebii.net/swordshield/pokemon/054.png"
"55","https://www.serebii.net/swordshield/pokemon/055.png"
"56","https://www.serebii.net/swordshield/pokemon/056.png"
"57","https://www.serebii.net/swordshield/pokemon/057.png"
"58","https://www.serebii.net/swordshield/pokemon/058.png"
"59","https://www.serebii.net/swordshield/pokemon/059.png"
"60","https://www.serebii.net/swordshield/pokemon/060.png"
"61","https://www.serebii.net/swordshield/pokemon/061.png"
"62","https://www.serebii.net/swordshield/pokemon/062.png"
"63","https://www.serebii.net/swordshield/pokemon/063.png"
"64","https://www.serebii.net/swordshield/pokemon/064.png"
"65","https://www.serebii.net/swordshield/pokemon/065.png"
"66","https://www.serebii.net/swordshield/pokemon/066.png"
"67","https://www.serebii.net/swordshield/pokemon/067.png"
"68","https://www.serebii.net/swordshield/pokemon/068.png"
"69","https://www.serebii.net/swordshield/pokemon/069.png"
"70","https://www.serebii.net/swordshield/pokemon/070.png"
"71","https://www.serebii.net/swordshield/pokemon/071.png"
"72","https://www.serebii.net/swordshield/pokemon/072.png"
"73","https://www.serebii.net/swordshield/pokemon/073.png"
"74","https://www.serebii.net/swordshield/pokemon/074.png"
"75","https://www.serebii.net/swordshield/pokemon/075.png"
"76","https://www.serebii.net/swordshield/pokemon/076.png"
"77","https://www.serebii.net/swordshield/pokemon/077.png"
"78","https://www.serebii.net/swordshield/pokemon/078.png"
"79","https://www.serebii.net/swordshield/pokemon/079.png"
"80","https://www.serebii.net/swordshield/pokemon/080.png"
"81","https://www.serebii.net/swordshield/pokemon/081.png"
"82","https://www.serebii.net/swordshield/pokemon/082.png"
"83","https://www.serebii.net/swordshield/pokemon/083.png"
"84","https://www.serebii.net/swordshield/pokemon/084.png"
"85","https://www.serebii.net/swordshield/pokemon/085.png"
"86","https://www.serebii.net/swordshield/pokemon/086.png"
"87","https://www.serebii.net/swordshield/pokemon/087.png"
"88","https://www.serebii.net/swordshield/pokemon/088.png"
"89","https://www.serebii.net/swordshield/pokemon/089.png"
"90","https://www.serebii.net/swordshield/pokemon/090.png"
"91","https://www.serebii.net/swordshield/pokemon/091.png"
"92","https://www.serebii.net/swordshield/pokemon/092.png"
"93","https://www.serebii.net/swordshield/pokemon/093.png"
"94","https://www.serebii.net/swordshield/pokemon/094.png"
"95","https://www.serebii.net/swordshield/pokemon/095.png"
"96","https://www.serebii.net/swordshield/pokemon/096.png"
"97","https://www.serebii.net/swordshield/pokemon/097.png"
"98","https://www.serebii.net/swordshield/pokemon/098.png"
"99","https://www.serebii.net/swordshield/pokemon/099.png"
"100","https://www.serebii.net/swordshield/pokemon/100.png"
"101","https://www.serebii.net/swordshield/pokemon/101.png"
"102","https://www.serebii.net/swordshield/pokemon/102.png"
"103","https://www.serebii.net/swordshield/pokemon/103.png"
"104","https://www.serebii.net/swordshield/pokemon/104.png"
"105","https://www.serebii.net/swordshield/pokemon/105.png"
"106","https://www.serebii.net/swordshield/pokemon/106.png"
"107","https://www.serebii.net/swordshield/pokemon/107.png"
"108","https://www.serebii.net/swordshield/pokemon/108.png"
"109","https://www.serebii.net/swordshield/pokemon/109.png"
"110","https://www.serebii.net/swordshield/pokemon/110.png"
"111","https://www.serebii.net/swordshield/pokemon/111.png"
"112","https://www.serebii.net/swordshield/pokemon/112.png"
"113","https://www.serebii.net/swordshield/pokemon/113.png"
"114","https://www.serebii.net/swordshield/pokemon/114.png"
"115","https://www.serebii.net/swordshield/pokemon/115.png"
"116","https://www.serebii.net/swordshield/pokemon/116.png"
"117","https://www.serebii.net/swordshield/pokemon/117.png"
"118","https://www.serebii.net/swordshield/pokemon/118.png"
"119","https://www.serebii.net/swordshield/pokemon/119.png"
"120","https://www.serebii.net/swordshield/pokemon/120.png"
"121","https://www.serebii.net/swordshield/pokemon/121.png"
"122","https://www.serebii.net/swordshield/pokemon/122.png"
"123","https://www.serebii.net/swordshield/pokemon/123.png"
"124","https://www.serebii.net/swordshield/pokemon/124.png"
"125","https://www.serebii.net/swordshield/pokemon/125.png"
"126","https://www.serebii.net/swordshield/pokemon/126.png"
"127","https://www.serebii.net/swordshield/pokemon/127.png"
"128","https://www.serebii.net/swordshield/pokemon/128.png"
"129","https://www.serebii.net/swordshield/pokemon/129.png"
"130","https://www.serebii.net/swordshield/pokemon/130.png"
"131","https://www.serebii.net/swordshield/pokemon/131.png"
"132","https://www.serebii.net/swordshield/pokemon/132.png"
"133","https://www.serebii.net/swordshield/pokemon/133.png"
"134","https://www.serebii.net/swordshield/pokemon/134.png"
"135","https://www.serebii.net/swordshield/pokemon/135.png"
"136","https://www.serebii.net/swordshield/pokemon/136.png"
"137","https://www.serebii.net/swordshield/pokemon/137.png"
"138","https://www.serebii.net/swordshield/pokemon/138.png"
"139","https://www.serebii.net/swordshield/pokemon/139.png"
"140","https://www.serebii.net/swordshield/pokemon/140.png"
"141","https://www.serebii.net/swordshield/pokemon/141.png"
"142","https://www.serebii.net/swordshield/pokemon/142.png"
"143","https://www.serebii.net/swordshield/pokemon/143.png"
"144","https://www.serebii.net/swordshield/pokemon/144.png"
"145","https://www.serebii.net/swordshield/pokemon/145.png"
"146","https://www.serebii.net/swordshield/pokemon/146.png"
"147","https://www.serebii.net/swordshield/pokemon/147.png"
"148","https://www.serebii.net/swordshield/pokemon/148.png"
"149","https://www.serebii.net/swordshield/pokemon/149.png"
"150","https://www.serebii.net/swordshield/pokemon/150.png"
"151","https://www.serebii.net/swordshield/pokemon/151.png"
"152","https://www.serebii.net/swordshield/pokemon/152.png"
"153","https://www.serebii.net/swordshield/pokemon/153.png"
"154","https://www.serebii.net/swordshield/pokemon/154.png"
"155","https://www.serebii.net/swordshield/pokemon/155.png"
"156","https://www.serebii.net/swordshield/pokemon/156.png"
"157","https://www.serebii.net/swordshield/pokemon/157.png"
"158","https://www.serebii.net/swordshield/pokemon/158.png"
"159","https://www.serebii.net/swordshield/pokemon/159.png"
"160","https://www.serebii.net/swordshield/pokemon/160.png"
"161","https://www.serebii.net/swordshield/pokemon/161.png"
"162","https://www.serebii.net/swordshield/pokemon/162.png"
"163","https://www.serebii.net/swordshield/pokemon/163.png"
"164","https://www.serebii.net/swordshield/pokemon/164.png"
"165","https://www.serebii.net/swordshield/pokemon/165.png"
"166","https://www.serebii.net/swordshield/pokemon/166.png"
"167","https://www.serebii.net/swordshield/pokemon/167.png"
"168","https://www.serebii.net/swordshield/pokemon/168.png"
"169","https://www.serebii.net/swordshield/pokemon/169.png"
"170","https://www.serebii.net/swordshield/pokemon/170.png"
"171","https://www.serebii.net/swordshield/pokemon/171.png"
"172","https://www.serebii.net/swordshield/pokemon/172.png"
"173","https://www.serebii.net/swordshield/pokemon/173.png"
"174","https://www.serebii.net/swordshield/pokemon/174.png"
"175","https://www.serebii.net/swordshield/pokemon/175.png"
"176","https://www.serebii.net/swordshield/pokemon/176.png"
"177","https://www.serebii.net/swordshield/pokemon/177.png"
"178","https://www.serebii.net/swordshield/pokemon/178.png"
"179","https://www.serebii.net/swordshield/pokemon/179.png"
"180","https://www.serebii.net/swordshield/pokemon/180.png"
"181","https://www.serebii.net/swordshield/pokemon/181.png"
"182","https://www.serebii.net/swordshield/pokemon/182.png"
"183","https://www.serebii.net/swordshield/pokemon/183.png"
"184","https://www.serebii.net/swordshield/pokemon/184.png"
"185","https://www.serebii.net/swordshield/pokemon/185.png"
"186","https://www.serebii.net/swordshield/pokemon/186.png"
"187","https://www.serebii.net/swordshield/pokemon/187.png"
"188","https://www.serebii.net/swordshield/pokemon/188.png"
"189","https://www.serebii.net/swordshield/pokemon/189.png"
"190","https://www.serebii.net/swordshield/pokemon/190.png"
"191","https://www.serebii.net/swordshield/pokemon/191.png"
"192","https://www.serebii.net/swordshield/pokemon/192.png"
"193","https://www.serebii.net/swordshield/pokemon/193.png"
"194","https://www.serebii.net/swordshield/pokemon/194.png"
"195","https://www.serebii.net/swordshield/pokemon/195.png"
"196","https://www.serebii.net/swordshield/pokemon/196.png"
"197","https://www.serebii.net/swordshield/pokemon/197.png"
"198","https://www.serebii.net/swordshield/pokemon/198.png"
"199","https://www.serebii.net/swordshield/pokemon/199.png"
"200","https://www.serebii.net/swordshield/pokemon/200.png"
"201","https://www.serebii.net/swordshield/pokemon/201.png"
"202","https://www.serebii.net/swordshield/pokemon/202.png"
"203","https://www.serebii.net/swordshield/pokemon/203.png"
"204","https://www.serebii.net/swordshield/pokemon/204.png"
"205","https://www.serebii.net/swordshield/pokemon/205.png"
"206","https://www.serebii.net/swordshield/pokemon/206.png"
"207","https://www.serebii.net/swordshield/pokemon/207.png"
"208","https://www.serebii.net/swordshield/pokemon/208.png"
"209","https://www.serebii.net/swordshield/pokemon/209.png"
"210","https://www.serebii.net/swordshield/pokemon/210.png"
"211","https://www.serebii.net/swordshield/pokemon/211.png"
"212","https://www.serebii.net/swordshield/pokemon/212.png"
"213","https://www.serebii.net/swordshield/pokemon/213.png"
"214","https://www.serebii.net/swordshield/pokemon/214.png"
"215","https://www.serebii.net/swordshield/pokemon/215.png"
"216","https://www.serebii.net/swordshield/pokemon/216.png"
"217","https://www.serebii.net/swordshield/pokemon/217.png"
"218","https://www.serebii.net/swordshield/pokemon/218.png"
"219","https://www.serebii.net/swordshield/pokemon/219.png"
"220","https://www.serebii.net/swordshield/pokemon/220.png"
"221","https://www.serebii.net/swordshield/pokemon/221.png"
"222","https://www.serebii.net/swordshield/pokemon/222.png"
"223","https://www.serebii.net/swordshield/pokemon/223.png"
"224","https://www.serebii.net/swordshield/pokemon/224.png"
"225","https://www.serebii.net/swordshield/pokemon/225.png"
"226","https://www.serebii.net/swordshield/pokemon/226.png"
"227","https://www.serebii.net/swordshield/pokemon/227.png"
"228","https://www.serebii.net/swordshield/pokemon/228.png"
"229","https://www.serebii.net/swordshield/pokemon/229.png"
"230","https://www.serebii.net/swordshield/pokemon/230.png"
"231","https://www.serebii.net/swordshield/pokemon/231.png"
"232","https://www.serebii.net/swordshield/pokemon/232.png"
"233","https://www.serebii.net/swordshield/pokemon/233.png"
"234","https://www.serebii.net/swordshield/pokemon/234.png"
"235","https://www.serebii.net/swordshield/pokemon/235.png"
"236","https://www.serebii.net/swordshield/pokemon/236.png"
"237","https://www.serebii.net/swordshield/pokemon/237.png"
"238","https://www.serebii.net/swordshield/pokemon/238.png"
"239","https://www.serebii.net/swordshield/pokemon/239.png"
"240","https://www.serebii.net/swordshield/pokemon/240.png"
"241","https://www.serebii.net/swordshield/pokemon/241.png"
"242","https://www.serebii.net/swordshield/pokemon/242.png"
"243","https://www.serebii.net/swordshield/pokemon/243.png"
"244","https://www.serebii.net/swordshield/pokemon/244.png"
"245","https://www.serebii.net/swordshield/pokemon/245.png"
"246","https://www.serebii.net/swordshield/pokemon/246.png"
"247","https://www.serebii.net/swordshield/pokemon/247.png"
"248","https://www.serebii.net/swordshield/pokemon/248.png"
"249","https://www.serebii.net/swordshield/pokemon/249.png"
"250","https://www.serebii.net/swordshield/pokemon/250.png"
"251","https://www.serebii.net/swordshield/pokemon/251.png"
"252","https://www.serebii.net/swordshield/pokemon/252.png"
"253","https://www.serebii.net/swordshield/pokemon/253.png"
"254","https://www.serebii.net/swordshield/pokemon/254.png"
"255","https://www.serebii.net/swordshield/pokemon/255.png"
"256","https://www.serebii.net/swordshield/pokemon/256.png"
"257","https://www.serebii.net/swordshield/pokemon/257.png"
"258","https://www.serebii.net/swordshield/pokemon/258.png"
"259","https://www.serebii.net/swordshield/pokemon/259.png"
"260","https://www.serebii.net/swordshield/pokemon/260.png"
"261","https://www.serebii.net/swordshield/pokemon/261.png"
"262","https://www.serebii.net/swordshield/pokemon/262.png"
"263","https://www.serebii.net/swordshield/pokemon/263.png"
"264","https://www.serebii.net/swordshield/pokemon/264.png"
"265","https://www.serebii.net/swordshield/pokemon/265.png"
"266","https://www.serebii.net/swordshield/pokemon/266.png"
"267","https://www.serebii.net/swordshield/pokemon/267.png"
"268","https://www.serebii.net/swordshield/pokemon/268.png"
"269","https://www.serebii.net/swordshield/pokemon/269.png"
"270","https://www.serebii.net/swordshield/pokemon/270.png"
"271","https://www.serebii.net/swordshield/pokemon/271.png"
"272","https://www.serebii.net/swordshield/pokemon/272.png"
"273","https://www.serebii.net/swordshield/pokemon/273.png"
"274","https://www.serebii.net/swordshield/pokemon/274.png"
"275","https://www.serebii.net/swordshield/pokemon/275.png"
"276","https://www.serebii.net/swordshield/pokemon/276.png"
"277","https://www.serebii.net/swordshield/pokemon/277.png"
"278","https://www.serebii.net/swordshield/pokemon/278.png"
"279","https://www.serebii.net/swordshield/pokemon/279.png"
"280","https://www.serebii.net/swordshield/pokemon/280.png"
"281","https://www.serebii.net/swordshield/pokemon/281.png"
"282","https://www.serebii.net/swordshield/pokemon/282.png"
"283","https://www.serebii.net/swordshield/pokemon/283.png"
"284","https://www.serebii.net/swordshield/pokemon/284.png"
"285","https://www.serebii.net/swordshield/pokemon/285.png"
"286","https://www.serebii.net/swordshield/pokemon/286.png"
"287","https://www.serebii.net/swordshield/pokemon/287.png"
"288","https://www.serebii.net/swordshield/pokemon/288.png"
"289","https://www.serebii.net/swordshield/pokemon/289.png"
"290","https://www.serebii.net/swordshield/pokemon/290.png"
"291","https://www.serebii.net/swordshield/pokemon/291.png"
"292","https://www.serebii.net/swordshield/pokemon/292.png"
"293","https://www.serebii.net/swordshield/pokemon/293.png"
"294","https://www.serebii.net/swordshield/pokemon/294.png"
"295","https://www.serebii.net/swordshield/pokemon/295.png"
"296","https://www.serebii.net/swordshield/pokemon/296.png"
"297","https://www.serebii.net/swordshield/pokemon/297.png"
"298","https://www.serebii.net/swordshield/pokemon/298.png"
"299","https://www.serebii.net/swordshield/pokemon/299.png"
"300","https://www.serebii.net/swordshield/pokemon/300.png"
"301","https://www.serebii.net/swordshield/pokemon/301.png"
"302","https://www.serebii.net/swordshield/pokemon/302.png"
"303","https://www.serebii.net/swordshield/pokemon/303.png"
"304","https://www.serebii.net/swordshield/pokemon/304.png"
"305","https://www.serebii.net/swordshield/pokemon/305.png"
"306","https://www.serebii.net/swordshield/pokemon/306.png"
"307","https://www.serebii.net/swordshield/pokemon/307.png"
"308","https://www.serebii.net/swordshield/pokemon/308.png"
"309","https://www.serebii.net/swordshield/pokemon/309.png"
"310","https://www.serebii.net/swordshield/pokemon/310.png"
"311","https://www.serebii.net/swordshield/pokemon/311.png"
"312","https://www.serebii.net/swordshield/pokemon/312.png"
"313","https://www.serebii.net/swordshield/pokemon/313.png"
"314","https://www.serebii.net/swordshield/pokemon/314.png"
"315","https://www.serebii.net/swordshield/pokemon/315.png"
"316","https://www.serebii.net/swordshield/pokemon/316.png"
"317","https://www.serebii.net/swordshield/pokemon/317.png"
"318","https://www.serebii.net/swordshield/pokemon/318.png"
"319","https://www.serebii.net/swordshield/pokemon/319.png"
"320","https://www.serebii.net/swordshield/pokemon/320.png"
"321","https://www.serebii.net/swordshield/pokemon/321.png"
"322","https://www.serebii.net/swordshield/pokemon/322.png"
"323","https://www.serebii.net/swordshield/pokemon/323.png"
"324","https://www.serebii.net/swordshield/pokemon/324.png"
"325","https://www.serebii.net/swordshield/pokemon/325.png"
"326","https://www.serebii.net/swordshield/pokemon/326.png"
"327","https://www.serebii.net/swordshield/pokemon/327.png"
"328","https://www.serebii.net/swordshield/pokemon/328.png"
"329","https://www.serebii.net/swordshield/pokemon/329.png"
"330","https://www.serebii.net/swordshield/pokemon/330.png"
"331","https://www.serebii.net/swordshield/pokemon/331.png"
"332","https://www.serebii.net/swordshield/pokemon/332.png"
"333","https://www.serebii.net/swordshield/pokemon/333.png"
"334","https://www.serebii.net/swordshield/pokemon/334.png"
"335","https://www.serebii.net/swordshield/pokemon/335.png"
"336","https://www.serebii.net/swordshield/pokemon/336.png"
"337","https://www.serebii.net/swordshield/pokemon/337.png"
"338","https://www.serebii.net/swordshield/pokemon/338.png"
"339","https://www.serebii.net/swordshield/pokemon/339.png"
"340","https://www.serebii.net/swordshield/pokemon/340.png"
"341","https://www.serebii.net/swordshield/pokemon/341.png"
"342","https://www.serebii.net/swordshield/pokemon/342.png"
"343","https://www.serebii.net/swordshield/pokemon/343.png"
"344","https://www.serebii.net/swordshield/pokemon/344.png"
"345","https://www.serebii.net/swordshield/pokemon/345.png"
"346","https://www.serebii.net/swordshield/pokemon/346.png"
"347","https://www.serebii.net/swordshield/pokemon/347.png"
"348","https://www.serebii.net/swordshield/pokemon/348.png"
"349","https://www.serebii.net/swordshield/pokemon/349.png"
"350","https://www.serebii.net/swordshield/pokemon/350.png"
"351","https://www.serebii.net/swordshield/pokemon/351.png"
"352","https://www.serebii.net/swordshield/pokemon/352.png"
"353","https://www.serebii.net/swordshield/pokemon/353.png"
"354","https://www.serebii.net/swordshield/pokemon/354.png"
"355","https://www.serebii.net/swordshield/pokemon/355.png"
"356","https://www.serebii.net/swordshield/pokemon/356.png"
"357","https://www.serebii.net/swordshield/pokemon/357.png"
"358","https://www.serebii.net/swordshield/pokemon/358.png"
"359","https://www.serebii.net/swordshield/pokemon/359.png"
"360","https://www.serebii.net/swordshield/pokemon/360.png"
"361","https://www.serebii.net/swordshield/pokemon/361.png"
"362","https://www.serebii.net/swordshield/pokemon/362.png"
"363","https://www.serebii.net/swordshield/pokemon/363.png"
"364","https://www.serebii.net/swordshield/pokemon/364.png"
"365","https://www.serebii.net/swordshield/pokemon/365.png"
"366","https://www.serebii.net/swordshield/pokemon/366.png"
"367","https://www.serebii.net/swordshield/pokemon/367.png"
"368","https://www.serebii.net/swordshield/pokemon/368.png"
"369","https://www.serebii.net/swordshield/pokemon/369.png"
"370","https://www.serebii.net/swordshield/pokemon/370.png"
"371","https://www.serebii.net/swordshield/pokemon/371.png"
"372","https://www.serebii.net/swordshield/pokemon/372.png"
"373","https://www.serebii.net/swordshield/pokemon/373.png"
"374","https://www.serebii.net/swordshield/pokemon/374.png"
"375","https://www.serebii.net/swordshield/pokemon/375.png"
"376","https://www.serebii.net/swordshield/pokemon/376.png"
"377","https://www.serebii.net/swordshield/pokemon/377.png"
"378","https://www.serebii.net/swordshield/pokemon/378.png"
"379","https://www.serebii.net/swordshield/pokemon/379.png"
"380","https://www.serebii.net/swordshield/pokemon/380.png"
"381","https://www.serebii.net/swordshield/pokemon/381.png"
"382","https://www.serebii.net/swordshield/pokemon/382.png"
"383","https://www.serebii.net/swordshield/pokemon/383.png"
"384","https://www.serebii.net/swordshield/pokemon/384.png"
"385","https://www.serebii.net/swordshield/pokemon/385.png"
"386","https://www.serebii.net/swordshield/pokemon/386.png"
"387","https://www.serebii.net/swordshield/pokemon/387.png"
"388","https://www.serebii.net/swordshield/pokemon/388.png"
"389","https://www.serebii.net/swordshield/pokemon/389.png"
"390","https://www.serebii.net/swordshield/pokemon/390.png"
"391","https://www.serebii.net/swordshield/pokemon/391.png"
"392","https://www.serebii.net/swordshield/pokemon/392.png"
"393","https://www.serebii.net/swordshield/pokemon/393.png"
"394","https://www.serebii.net/swordshield/pokemon/394.png"
"395","https://www.serebii.net/swordshield/pokemon/395.png"
"396","https://www.serebii.net/swordshield/pokemon/396.png"
"397","https://www.serebii.net/swordshield/pokemon/397.png"
"398","https://www.serebii.net/swordshield/pokemon/398.png"
"399","https://www.serebii.net/swordshield/pokemon/399.png"
"400","https://www.serebii.net/swordshield/pokemon/400.png"
"401","https://www.serebii.net/swordshield/pokemon/401.png"
"402","https://www.serebii.net/swordshield/pokemon/402.png"
"403","https://www.serebii.net/swordshield/pokemon/403.png"
"404","https://www.serebii.net/swordshield/pokemon/404.png"
"405","https://www.serebii.net/swordshield/pokemon/405.png"
"406","https://www.serebii.net/swordshield/pokemon/406.png"
"407","https://www.serebii.net/swordshield/pokemon/407.png"
"408","https://www.serebii.net/swordshield/pokemon/408.png"
"409","https://www.serebii.net/swordshield/pokemon/409.png"
"410","https://www.serebii.net/swordshield/pokemon/410.png"
"411","https://www.serebii.net/swordshield/pokemon/411.png"
"412","https://www.serebii.net/swordshield/pokemon/412.png"
"413","https://www.serebii.net/swordshield/pokemon/413.png"
"414","https://www.serebii.net/swordshield/pokemon/414.png"
"415","https://www.serebii.net/swordshield/pokemon/415.png"
"416","https://www.serebii.net/swordshield/pokemon/416.png"
"417","https://www.serebii.net/swordshield/pokemon/417.png"
"418","https://www.serebii.net/swordshield/pokemon/418.png"
"419","https://www.serebii.net/swordshield/pokemon/419.png"
"420","https://www.serebii.net/swordshield/pokemon/420.png"
"421","https://www.serebii.net/swordshield/pokemon/421.png"
"422","https://www.serebii.net/swordshield/pokemon/422.png"
"423","https://www.serebii.net/swordshield/pokemon/423.png"
"424","https://www.serebii.net/swordshield/pokemon/424.png"
"425","https://www.serebii.net/swordshield/pokemon/425.png"
"426","https://www.serebii.net/swordshield/pokemon/426.png"
"427","https://www.serebii.net/swordshield/pokemon/427.png"
"428","https://www.serebii.net/swordshield/pokemon/428.png"
"429","https://www.serebii.net/swordshield/pokemon/429.png"
"430","https://www.serebii.net/swordshield/pokemon/430.png"
"431","https://www.serebii.net/swordshield/pokemon/431.png"
"432","https://www.serebii.net/swordshield/pokemon/432.png"
"433","https://www.serebii.net/swordshield/pokemon/433.png"
"434","https://www.serebii.net/swordshield/pokemon/434.png"
"435","https://www.serebii.net/swordshield/pokemon/435.png"
"436","https://www.serebii.net/swordshield/pokemon/436.png"
"437","https://www.serebii.net/swordshield/pokemon/437.png"
"438","https://www.serebii.net/swordshield/pokemon/438.png"
"439","https://www.serebii.net/swordshield/pokemon/439.png"
"440","https://www.serebii.net/swordshield/pokemon/440.png"
"441","https://www.serebii.net/swordshield/pokemon/441.png"
"442","https://www.serebii.net/swordshield/pokemon/442.png"
"443","https://www.serebii.net/swordshield/pokemon/443.png"
"444","https://www.serebii.net/swordshield/pokemon/444.png"
"445","https://www.serebii.net/swordshield/pokemon/445.png"
"446","https://www.serebii.net/swordshield/pokemon/446.png"
"447","https://www.serebii.net/swordshield/pokemon/447.png"
"448","https://www.serebii.net/swordshield/pokemon/448.png"
"449","https://www.serebii.net/swordshield/pokemon/449.png"
"450","https://www.serebii.net/swordshield/pokemon/450.png"
"451","https://www.serebii.net/swordshield/pokemon/451.png"
"452","https://www.serebii.net/swordshield/pokemon/452.png"
"453","https://www.serebii.net/swordshield/pokemon/453.png"
"454","https://www.serebii.net/swordshield/pokemon/454.png"
"455","https://www.serebii.net/swordshield/pokemon/455.png"
"456","https://www.serebii.net/swordshield/pokemon/456.png"
"457","https://www.serebii.net/swordshield/pokemon/457.png"
"458","https://www.serebii.net/swordshield/pokemon/458.png"
"459","https://www.serebii.net/swordshield/pokemon/459.png"
"460","https://www.serebii.net/swordshield/pokemon/460.png"
"461","https://www.serebii.net/swordshield/pokemon/461.png"
"462","https://www.serebii.net/swordshield/pokemon/462.png"
"463","https://www.serebii.net/swordshield/pokemon/463.png"
"464","https://www.serebii.net/swordshield/pokemon/464.png"
"465","https://www.serebii.net/swordshield/pokemon/465.png"
"466","https://www.serebii.net/swordshield/pokemon/466.png"
"467","https://www.serebii.net/swordshield/pokemon/467.png"
"468","https://www.serebii.net/swordshield/pokemon/468.png"
"469","https://www.serebii.net/swordshield/pokemon/469.png"
"470","https://www.serebii.net/swordshield/pokemon/470.png"
"471","https://www.serebii.net/swordshield/pokemon/471.png"
"472","https://www.serebii.net/swordshield/pokemon/472.png"
"473","https://www.serebii.net/swordshield/pokemon/473.png"
"474","https://www.serebii.net/swordshield/pokemon/474.png"
"475","https://www.serebii.net/swordshield/pokemon/475.png"
"476","https://www.serebii.net/swordshield/pokemon/476.png"
"477","https://www.serebii.net/swordshield/pokemon/477.png"
"478","https://www.serebii.net/swordshield/pokemon/478.png"
"479","https://www.serebii.net/swordshield/pokemon/479.png"
"480","https://www.serebii.net/swordshield/pokemon/480.png"
"481","https://www.serebii.net/swordshield/pokemon/481.png"
"482","https://www.serebii.net/swordshield/pokemon/482.png"
"483","https://www.serebii.net/swordshield/pokemon/483.png"
"484","https://www.serebii.net/swordshield/pokemon/484.png"
"485","https://www.serebii.net/swordshield/pokemon/485.png"
"486","https://www.serebii.net/swordshield/pokemon/486.png"
"487","https://www.serebii.net/swordshield/pokemon/487.png"
"488","https://www.serebii.net/swordshield/pokemon/488.png"
"489","https://www.serebii.net/swordshield/pokemon/489.png"
"490","https://www.serebii.net/swordshield/pokemon/490.png"
"491","https://www.serebii.net/swordshield/pokemon/491.png"
"492","https://www.serebii.net/swordshield/pokemon/492.png"
"493","https://www.serebii.net/swordshield/pokemon/493.png"
"494","https://www.serebii.net/swordshield/pokemon/494.png"
"495","https://www.serebii.net/swordshield/pokemon/495.png"
"496","https://www.serebii.net/swordshield/pokemon/496.png"
"497","https://www.serebii.net/swordshield/pokemon/497.png"
"498","https://www.serebii.net/swordshield/pokemon/498.png"
"499","https://www.serebii.net/swordshield/pokemon/499.png"
"500","https://www.serebii.net/swordshield/pokemon/500.png"
"501","https://www.serebii.net/swordshield/pokemon/501.png"
"502","https://www.serebii.net/swordshield/pokemon/502.png"
"503","https://www.serebii.net/swordshield/pokemon/503.png"
"504","https://www.serebii.net/swordshield/pokemon/504.png"
"505","https://www.serebii.net/swordshield/pokemon/505.png"
"506","https://www.serebii.net/swordshield/pokemon/506.png"
"507","https://www.serebii.net/swordshield/pokemon/507.png"
"508","https://www.serebii.net/swordshield/pokemon/508.png"
"509","https://www.serebii.net/swordshield/pokemon/509.png"
"510","https://www.serebii.net/swordshield/pokemon/510.png"
"511","https://www.serebii.net/swordshield/pokemon/511.png"
"512","https://www.serebii.net/swordshield/pokemon/512.png"
"513","https://www.serebii.net/swordshield/pokemon/513.png"
"514","https://www.serebii.net/swordshield/pokemon/514.png"
"515","https://www.serebii.net/swordshield/pokemon/515.png"
"516","https://www.serebii.net/swordshield/pokemon/516.png"
"517","https://www.serebii.net/swordshield/pokemon/517.png"
"518","https://www.serebii.net/swordshield/pokemon/518.png"
"519","https://www.serebii.net/swordshield/pokemon/519.png"
"520","https://www.serebii.net/swordshield/pokemon/520.png"
"521","https://www.serebii.net/swordshield/pokemon/521.png"
"522","https://www.serebii.net/swordshield/pokemon/522.png"
"523","https://www.serebii.net/swordshield/pokemon/523.png"
"524","https://www.serebii.net/swordshield/pokemon/524.png"
"525","https://www.serebii.net/swordshield/pokemon/525.png"
"526","https://www.serebii.net/swordshield/pokemon/526.png"
"527","https://www.serebii.net/swordshield/pokemon/527.png"
"528","https://www.serebii.net/swordshield/pokemon/528.png"
"529","https://www.serebii.net/swordshield/pokemon/529.png"
"530","https://www.serebii.net/swordshield/pokemon/530.png"
"531","https://www.serebii.net/swordshield/pokemon/531.png"
"532","https://www.serebii.net/swordshield/pokemon/532.png"
"533","https://www.serebii.net/swordshield/pokemon/533.png"
"534","https://www.serebii.net/swordshield/pokemon/534.png"
"535","https://www.serebii.net/swordshield/pokemon/535.png"
"536","https://www.serebii.net/swordshield/pokemon/536.png"
"537","https://www.serebii.net/swordshield/pokemon/537.png"
"538","https://www.serebii.net/swordshield/pokemon/538.png"
"539","https://www.serebii.net/swordshield/pokemon/539.png"
"540","https://www.serebii.net/swordshield/pokemon/540.png"
"541","https://www.serebii.net/swordshield/pokemon/541.png"
"542","https://www.serebii.net/swordshield/pokemon/542.png"
"543","https://www.serebii.net/swordshield/pokemon/543.png"
"544","https://www.serebii.net/swordshield/pokemon/544.png"
"545","https://www.serebii.net/swordshield/pokemon/545.png"
"546","https://www.serebii.net/swordshield/pokemon/546.png"
"547","https://www.serebii.net/swordshield/pokemon/547.png"
"548","https://www.serebii.net/swordshield/pokemon/548.png"
"549","https://www.serebii.net/swordshield/pokemon/549.png"
"550","https://www.serebii.net/swordshield/pokemon/550.png"
"551","https://www.serebii.net/swordshield/pokemon/551.png"
"552","https://www.serebii.net/swordshield/pokemon/552.png"
"553","https://www.serebii.net/swordshield/pokemon/553.png"
"554","https://www.serebii.net/swordshield/pokemon/554.png"
"555","https://www.serebii.net/swordshield/pokemon/555.png"
"556","https://www.serebii.net/swordshield/pokemon/556.png"
"557","https://www.serebii.net/swordshield/pokemon/557.png"
"558","https://www.serebii.net/swordshield/pokemon/558.png"
"559","https://www.serebii.net/swordshield/pokemon/559.png"
"560","https://www.serebii.net/swordshield/pokemon/560.png"
"561","https://www.serebii.net/swordshield/pokemon/561.png"
"562","https://www.serebii.net/swordshield/pokemon/562.png"
"563","https://www.serebii.net/swordshield/pokemon/563.png"
"564","https://www.serebii.net/swordshield/pokemon/564.png"
"565","https://www.serebii.net/swordshield/pokemon/565.png"
"566","https://www.serebii.net/swordshield/pokemon/566.png"
"567","https://www.serebii.net/swordshield/pokemon/567.png"
"568","https://www.serebii.net/swordshield/pokemon/568.png"
"569","https://www.serebii.net/swordshield/pokemon/569.png"
"570","https://www.serebii.net/swordshield/pokemon/570.png"
"571","https://www.serebii.net/swordshield/pokemon/571.png"
"572","https://www.serebii.net/swordshield/pokemon/572.png"
"573","https://www.serebii.net/swordshield/pokemon/573.png"
"574","https://www.serebii.net/swordshield/pokemon/574.png"
"575","https://www.serebii.net/swordshield/pokemon/575.png"
"576","https://www.serebii.net/swordshield/pokemon/576.png"
"577","https://www.serebii.net/swordshield/pokemon/577.png"
"578","https://www.serebii.net/swordshield/pokemon/578.png"
"579","https://www.serebii.net/swordshield/pokemon/579.png"
"580","https://www.serebii.net/swordshield/pokemon/580.png"
"581","https://www.serebii.net/swordshield/pokemon/581.png"
"582","https://www.serebii.net/swordshield/pokemon/582.png"
"583","https://www.serebii.net/swordshield/pokemon/583.png"
"584","https://www.serebii.net/swordshield/pokemon/584.png"
"585","https://www.serebii.net/swordshield/pokemon/585.png"
"586","https://www.serebii.net/swordshield/pokemon/586.png"
"587","https://www.serebii.net/swordshield/pokemon/587.png"
"588","https://www.serebii.net/swordshield/pokemon/588.png"
"589","https://www.serebii.net/swordshield/pokemon/589.png"
"590","https://www.serebii.net/swordshield/pokemon/590.png"
"591","https://www.serebii.net/swordshield/pokemon/591.png"
"592","https://www.serebii.net/swordshield/pokemon/592.png"
"593","https://www.serebii.net/swordshield/pokemon/593.png"
"594","https://www.serebii.net/swordshield/pokemon/594.png"
"595","https://www.serebii.net/swordshield/pokemon/595.png"
"596","https://www.serebii.net/swordshield/pokemon/596.png"
"597","https://www.serebii.net/swordshield/pokemon/597.png"
"598","https://www.serebii.net/swordshield/pokemon/598.png"
"599","https://www.serebii.net/swordshield/pokemon/599.png"
"600","https://www.serebii.net/swordshield/pokemon/600.png"
"601","https://www.serebii.net/swordshield/pokemon/601.png"
"602","https://www.serebii.net/swordshield/pokemon/602.png"
"603","https://www.serebii.net/swordshield/pokemon/603.png"
"604","https://www.serebii.net/swordshield/pokemon/604.png"
"605","https://www.serebii.net/swordshield/pokemon/605.png"
"606","https://www.serebii.net/swordshield/pokemon/606.png"
"607","https://www.serebii.net/swordshield/pokemon/607.png"
"608","https://www.serebii.net/swordshield/pokemon/608.png"
"609","https://www.serebii.net/swordshield/pokemon/609.png"
"610","https://www.serebii.net/swordshield/pokemon/610.png"
"611","https://www.serebii.net/swordshield/pokemon/611.png"
"612","https://www.serebii.net/swordshield/pokemon/612.png"
"613","https://www.serebii.net/swordshield/pokemon/613.png"
"614","https://www.serebii.net/swordshield/pokemon/614.png"
"615","https://www.serebii.net/swordshield/pokemon/615.png"
"616","https://www.serebii.net/swordshield/pokemon/616.png"
"617","https://www.serebii.net/swordshield/pokemon/617.png"
"618","https://www.serebii.net/swordshield/pokemon/618.png"
"619","https://www.serebii.net/swordshield/pokemon/619.png"
"620","https://www.serebii.net/swordshield/pokemon/620.png"
"621","https://www.serebii.net/swordshield/pokemon/621.png"
"622","https://www.serebii.net/swordshield/pokemon/622.png"
"623","https://www.serebii.net/swordshield/pokemon/623.png"
"624","https://www.serebii.net/swordshield/pokemon/624.png"
"625","https://www.serebii.net/swordshield/pokemon/625.png"
"626","https://www.serebii.net/swordshield/pokemon/626.png"
"627","https://www.serebii.net/swordshield/pokemon/627.png"
"628","https://www.serebii.net/swordshield/pokemon/628.png"
"629","https://www.serebii.net/swordshield/pokemon/629.png"
"630","https://www.serebii.net/swordshield/pokemon/630.png"
"631","https://www.serebii.net/swordshield/pokemon/631.png"
"632","https://www.serebii.net/swordshield/pokemon/632.png"
"633","https://www.serebii.net/swordshield/pokemon/633.png"
"634","https://www.serebii.net/swordshield/pokemon/634.png"
"635","https://www.serebii.net/swordshield/pokemon/635.png"
"636","https://www.serebii.net/swordshield/pokemon/636.png"
"637","https://www.serebii.net/swordshield/pokemon/637.png"
"638","https://www.serebii.net/swordshield/pokemon/638.png"
"639","https://www.serebii.net/swordshield/pokemon/639.png"
"640","https://www.serebii.net/swordshield/pokemon/640.png"
"641","https://www.serebii.net/swordshield/pokemon/641.png"
"642","https://www.serebii.net/swordshield/pokemon/642.png"
"643","https://www.serebii.net/swordshield/pokemon/643.png"
"644","https://www.serebii.net/swordshield/pokemon/644.png"
"645","https://www.serebii.net/swordshield/pokemon/645.png"
"646","https://www.serebii.net/swordshield/pokemon/646.png"
"647","https://www.serebii.net/swordshield/pokemon/647.png"
"648","https://www.serebii.net/swordshield/pokemon/648.png"
"649","https://www.serebii.net/swordshield/pokemon/649.png"
"650","https://www.serebii.net/swordshield/pokemon/650.png"
"651","https://www.serebii.net/swordshield/pokemon/651.png"
"652","https://www.serebii.net/swordshield/pokemon/652.png"
"653","https://www.serebii.net/swordshield/pokemon/653.png"
"654","https://www.serebii.net/swordshield/pokemon/654.png"
"655","https://www.serebii.net/swordshield/pokemon/655.png"
"656","https://www.serebii.net/swordshield/pokemon/656.png"
"657","https://www.serebii.net/swordshield/pokemon/657.png"
"658","https://www.serebii.net/swordshield/pokemon/658.png"
"659","https://www.serebii.net/swordshield/pokemon/659.png"
"660","https://www.serebii.net/swordshield/pokemon/660.png"
"661","https://www.serebii.net/swordshield/pokemon/661.png"
"662","https://www.serebii.net/swordshield/pokemon/662.png"
"663","https://www.serebii.net/swordshield/pokemon/663.png"
"664","https://www.serebii.net/swordshield/pokemon/664.png"
"665","https://www.serebii.net/swordshield/pokemon/665.png"
"666","https://www.serebii.net/swordshield/pokemon/666.png"
"667","https://www.serebii.net/swordshield/pokemon/667.png"
"668","https://www.serebii.net/swordshield/pokemon/668.png"
"669","https://www.serebii.net/swordshield/pokemon/669.png"
"670","https://www.serebii.net/swordshield/pokemon/670.png"
"671","https://www.serebii.net/swordshield/pokemon/671.png"
"672","https://www.serebii.net/swordshield/pokemon/672.png"
"673","https://www.serebii.net/swordshield/pokemon/673.png"
"674","https://www.serebii.net/swordshield/pokemon/674.png"
"675","https://www.serebii.net/swordshield/pokemon/675.png"
"676","https://www.serebii.net/swordshield/pokemon/676.png"
"677","https://www.serebii.net/swordshield/pokemon/677.png"
"678","https://www.serebii.net/swordshield/pokemon/678.png"
"679","https://www.serebii.net/swordshield/pokemon/679.png"
"680","https://www.serebii.net/swordshield/pokemon/680.png"
"681","https://www.serebii.net/swordshield/pokemon/681.png"
"682","https://www.serebii.net/swordshield/pokemon/682.png"
"683","https://www.serebii.net/swordshield/pokemon/683.png"
"684","https://www.serebii.net/swordshield/pokemon/684.png"
"685","https://www.serebii.net/swordshield/pokemon/685.png"
"686","https://www.serebii.net/swordshield/pokemon/686.png"
"687","https://www.serebii.net/swordshield/pokemon/687.png"
"688","https://www.serebii.net/swordshield/pokemon/688.png"
"689","https://www.serebii.net/swordshield/pokemon/689.png"
"690","https://www.serebii.net/swordshield/pokemon/690.png"
"691","https://www.serebii.net/swordshield/pokemon/691.png"
"692","https://www.serebii.net/swordshield/pokemon/692.png"
"693","https://www.serebii.net/swordshield/pokemon/693.png"
"694","https://www.serebii.net/swordshield/pokemon/694.png"
"695","https://www.serebii.net/swordshield/pokemon/695.png"
"696","https://www.serebii.net/swordshield/pokemon/696.png"
"697","https://www.serebii.net/swordshield/pokemon/697.png"
"698","https://www.serebii.net/swordshield/pokemon/698.png"
"699","https://www.serebii.net/swordshield/pokemon/699.png"
"700","https://www.serebii.net/swordshield/pokemon/700.png"
"701","https://www.serebii.net/swordshield/pokemon/701.png"
"702","https://www.serebii.net/swordshield/pokemon/702.png"
"703","https://www.serebii.net/swordshield/pokemon/703.png"
"704","https://www.serebii.net/swordshield/pokemon/704.png"
"705","https://www.serebii.net/swordshield/pokemon/705.png"
"706","https://www.serebii.net/swordshield/pokemon/706.png"
"707","https://www.serebii.net/swordshield/pokemon/707.png"
"708","https://www.serebii.net/swordshield/pokemon/708.png"
"709","https://www.serebii.net/swordshield/pokemon/709.png"
"710","https://www.serebii.net/swordshield/pokemon/710.png"
"711","https://www.serebii.net/swordshield/pokemon/711.png"
"712","https://www.serebii.net/swordshield/pokemon/712.png"
"713","https://www.serebii.net/swordshield/pokemon/713.png"
"714","https://www.serebii.net/swordshield/pokemon/714.png"
"715","https://www.serebii.net/swordshield/pokemon/715.png"
"716","https://www.serebii.net/swordshield/pokemon/716.png"
"717","https://www.serebii.net/swordshield/pokemon/717.png"
"718","https://www.serebii.net/swordshield/pokemon/718.png"
"719","https://www.serebii.net/swordshield/pokemon/719.png"
"720","https://www.serebii.net/swordshield/pokemon/720.png"
"721","https://www.serebii.net/swordshield/pokemon/721.png"
"722","https://www.serebii.net/swordshield/pokemon/722.png"
"723","https://www.serebii.net/swordshield/pokemon/723.png"
"724","https://www.serebii.net/swordshield/pokemon/724.png"
"725","https://www.serebii.net/swordshield/pokemon/725.png"
"726","https://www.serebii.net/swordshield/pokemon/726.png"
"727","https://www.serebii.net/swordshield/pokemon/727.png"
"728","https://www.serebii.net/swordshield/pokemon/728.png"
"729","https://www.serebii.net/swordshield/pokemon/729.png"
"730","https://www.serebii.net/swordshield/pokemon/730.png"
"731","https://www.serebii.net/swordshield/pokemon/731.png"
"732","https://www.serebii.net/swordshield/pokemon/732.png"
"733","https://www.serebii.net/swordshield/pokemon/733.png"
"734","https://www.serebii.net/swordshield/pokemon/734.png"
"735","https://www.serebii.net/swordshield/pokemon/735.png"
"736","https://www.serebii.net/swordshield/pokemon/736.png"
"737","https://www.serebii.net/swordshield/pokemon/737.png"
"738","https://www.serebii.net/swordshield/pokemon/738.png"
"739","https://www.serebii.net/swordshield/pokemon/739.png"
"740","https://www.serebii.net/swordshield/pokemon/740.png"
"741","https://www.serebii.net/swordshield/pokemon/741.png"
"742","https://www.serebii.net/swordshield/pokemon/742.png"
"743","https://www.serebii.net/swordshield/pokemon/743.png"
"744","https://www.serebii.net/swordshield/pokemon/744.png"
"745","https://www.serebii.net/swordshield/pokemon/745.png"
"746","https://www.serebii.net/swordshield/pokemon/746.png"
"747","https://www.serebii.net/swordshield/pokemon/747.png"
"748","https://www.serebii.net/swordshield/pokemon/748.png"
"749","https://www.serebii.net/swordshield/pokemon/749.png"
"750","https://www.serebii.net/swordshield/pokemon/750.png"
"751","https://www.serebii.net/swordshield/pokemon/751.png"
"752","https://www.serebii.net/swordshield/pokemon/752.png"
"753","https://www.serebii.net/swordshield/pokemon/753.png"
"754","https://www.serebii.net/swordshield/pokemon/754.png"
"755","https://www.serebii.net/swordshield/pokemon/755.png"
"756","https://www.serebii.net/swordshield/pokemon/756.png"
"757","https://www.serebii.net/swordshield/pokemon/757.png"
"758","https://www.serebii.net/swordshield/pokemon/758.png"
"759","https://www.serebii.net/swordshield/pokemon/759.png"
"760","https://www.serebii.net/swordshield/pokemon/760.png"
"761","https://www.serebii.net/swordshield/pokemon/761.png"
"762","https://www.serebii.net/swordshield/pokemon/762.png"
"763","https://www.serebii.net/swordshield/pokemon/763.png"
"764","https://www.serebii.net/swordshield/pokemon/764.png"
"765","https://www.serebii.net/swordshield/pokemon/765.png"
"766","https://www.serebii.net/swordshield/pokemon/766.png"
"767","https://www.serebii.net/swordshield/pokemon/767.png"
"768","https://www.serebii.net/swordshield/pokemon/768.png"
"769","https://www.serebii.net/swordshield/pokemon/769.png"
"770","https://www.serebii.net/swordshield/pokemon/770.png"
"771","https://www.serebii.net/swordshield/pokemon/771.png"
"772","https://www.serebii.net/swordshield/pokemon/772.png"
"773","https://www.serebii.net/swordshield/pokemon/773.png"
"774","https://www.serebii.net/swordshield/pokemon/774.png"
"775","https://www.serebii.net/swordshield/pokemon/775.png"
"776","https://www.serebii.net/swordshield/pokemon/776.png"
"777","https://www.serebii.net/swordshield/pokemon/777.png"
"778","https://www.serebii.net/swordshield/pokemon/778.png"
"779","https://www.serebii.net/swordshield/pokemon/779.png"
"780","https://www.serebii.net/swordshield/pokemon/780.png"
"781","https://www.serebii.net/swordshield/pokemon/781.png"
"782","https://www.serebii.net/swordshield/pokemon/782.png"
"783","https://www.serebii.net/swordshield/pokemon/783.png"
"784","https://www.serebii.net/swordshield/pokemon/784.png"
"785","https://www.serebii.net/swordshield/pokemon/785.png"
"786","https://www.serebii.net/swordshield/pokemon/786.png"
"787","https://www.serebii.net/swordshield/pokemon/787.png"
"788","https://www.serebii.net/swordshield/pokemon/788.png"
"789","https://www.serebii.net/swordshield/pokemon/789.png"
"790","https://www.serebii.net/swordshield/pokemon/790.png"
"791","https://www.serebii.net/swordshield/pokemon/791.png"
"792","https://www.serebii.net/swordshield/pokemon/792.png"
"793","https://www.serebii.net/swordshield/pokemon/793.png"
"794","https://www.serebii.net/swordshield/pokemon/794.png"
"795","https://www.serebii.net/swordshield/pokemon/795.png"
"796","https://www.serebii.net/swordshield/pokemon/796.png"
"797","https://www.serebii.net/swordshield/pokemon/797.png"
"798","https://www.serebii.net/swordshield/pokemon/798.png"
"799","https://www.serebii.net/swordshield/pokemon/799.png"
"800","https://www.serebii.net/swordshield/pokemon/800.png"
"801","https://www.serebii.net/swordshield/pokemon/801.png"
"802","https://www.serebii.net/swordshield/pokemon/802.png"
"803","https://www.serebii.net/swordshield/pokemon/803.png"
"804","https://www.serebii.net/swordshield/pokemon/804.png"
"805","https://www.serebii.net/swordshield/pokemon/805.png"
"806","https://www.serebii.net/swordshield/pokemon/806.png"
"807","https://www.serebii.net/swordshield/pokemon/807.png"
